id_A,id_B
a-0,b-0
a-1,b-1
a-2,b-2
a-3,b-3
a-4,b-4
a-7,b-5
a-8,b-6
a-9,b-7
a-10,b-8
a-11,b-9
a-12,b-10
a-13,b-11
a-14,b-12
a-15,b-13
a-16,b-14
a-18,b-15
a-19,b-16
a-22,b-17
a-23,b-18
a-24,b-19
a-26,b-20
a-27,b-21
a-31,b-22
a-32,b-23
a-33,b-24
a-34,b-25
a-37,b-26
a-38,b-27
a-39,b-28
a-40,b-29
a-41,b-30
a-42,b-31
a-44,b-32
a-45,b-33
a-47,b-34
a-48,b-35
a-50,b-36
a-51,b-37
a-52,b-38
a-53,b-39
a-54,b-40
a-55,b-41
a-59,b-42
a-60,b-43
a-61,b-44
a-62,b-45
a-66,b-46
a-70,b-47
a-73,b-48
a-75,b-49
a-76,b-50
a-79,b-51
a-81,b-52
a-82,b-53
a-83,b-54
a-84,b-55
a-85,b-56
a-86,b-57
a-89,b-58
a-92,b-59
a-93,b-60
a-96,b-61
a-97,b-62
a-98,b-63
a-99,b-64
a-100,b-65
a-101,b-66
a-102,b-67
a-103,b-68
a-104,b-69
a-105,b-70
a-107,b-71
a-108,b-72
a-109,b-73
a-110,b-74
a-112,b-75
a-115,b-76
a-116,b-77
a-117,b-78
a-118,b-79
a-119,b-80
a-120,b-81
a-122,b-82
a-123,b-83
a-124,b-84
a-125,b-85
a-127,b-86
a-128,b-87
a-129,b-88
a-130,b-89
a-132,b-90
a-135,b-91
a-136,b-92
a-138,b-93
a-139,b-94
a-141,b-95
a-142,b-96
a-143,b-97
a-145,b-98
a-146,b-99
a-147,b-100
a-148,b-101
a-149,b-102
a-151,b-103
a-152,b-104
a-153,b-105
a-155,b-106
a-156,b-107
a-157,b-108
a-158,b-109
a-159,b-110
a-160,b-111
a-162,b-112
a-163,b-113
a-165,b-114
a-166,b-115
a-167,b-116
a-168,b-117
a-170,b-118
a-171,b-119
a-172,b-120
a-174,b-121
a-175,b-122
a-176,b-123
a-177,b-124
a-181,b-125
a-182,b-126
a-183,b-127
a-184,b-128
a-185,b-129
a-186,b-130
a-188,b-131
a-190,b-132
a-191,b-133
a-193,b-134
a-194,b-135
a-196,b-136
a-197,b-137
a-198,b-138
a-199,b-139
a-200,b-140
a-202,b-141
a-203,b-142
a-204,b-143
a-206,b-144
a-207,b-145
a-212,b-146
a-213,b-147
a-214,b-148
a-218,b-149
a-220,b-150
a-221,b-151
a-223,b-152
a-224,b-153
a-225,b-154
a-226,b-155
a-227,b-156
a-228,b-157
a-229,b-158
a-230,b-159
a-231,b-160
a-232,b-161
a-233,b-162
a-234,b-163
a-237,b-164
a-238,b-165
a-239,b-166
a-240,b-167
a-241,b-168
a-242,b-169
a-243,b-170
a-244,b-171
a-245,b-172
a-248,b-173
a-249,b-174
a-250,b-175
a-251,b-176
a-254,b-177
a-257,b-178
a-258,b-179
a-259,b-180
a-260,b-181
a-261,b-182
a-262,b-183
a-263,b-184
a-264,b-185
a-265,b-186
a-266,b-187
a-267,b-188
a-268,b-189
a-270,b-190
a-271,b-191
a-273,b-192
a-274,b-193
a-275,b-194
a-276,b-195
a-280,b-196
a-281,b-197
a-284,b-198
a-285,b-199
a-286,b-200
a-287,b-201
a-289,b-202
a-292,b-203
a-295,b-204
a-296,b-205
a-299,b-206
a-302,b-207
a-303,b-208
a-305,b-209
a-306,b-210
a-307,b-211
a-308,b-212
a-310,b-213
a-313,b-214
a-316,b-215
a-318,b-216
a-319,b-217
a-320,b-218
a-323,b-219
a-324,b-220
a-325,b-221
a-327,b-222
a-330,b-223
a-331,b-224
a-332,b-225
a-333,b-226
a-335,b-227
a-336,b-228
a-337,b-229
a-339,b-230
a-341,b-231
a-342,b-232
a-344,b-233
a-345,b-234
a-346,b-235
a-347,b-236
a-348,b-237
a-349,b-238
a-352,b-239
a-354,b-240
a-355,b-241
a-356,b-242
a-357,b-243
a-358,b-244
a-359,b-245
a-362,b-246
a-363,b-247
a-365,b-248
a-366,b-249
a-369,b-250
a-370,b-251
a-371,b-252
a-374,b-253
a-376,b-254
a-378,b-255
a-380,b-256
a-381,b-257
a-384,b-258
a-385,b-259
a-386,b-260
a-387,b-261
a-389,b-262
a-390,b-263
a-391,b-264
a-392,b-265
a-393,b-266
a-394,b-267
a-395,b-268
a-396,b-269
a-397,b-270
a-398,b-271
a-399,b-272
a-402,b-273
a-404,b-274
a-405,b-275
a-406,b-276
a-408,b-277
a-409,b-278
a-410,b-279
a-411,b-280
a-412,b-281
a-413,b-282
a-414,b-283
a-417,b-284
a-418,b-285
a-421,b-286
a-424,b-287
a-425,b-288
a-426,b-289
a-427,b-290
a-428,b-291
a-429,b-292
a-430,b-293
a-431,b-294
a-432,b-295
a-433,b-296
a-435,b-297
a-437,b-298
a-438,b-299
a-439,b-300
a-444,b-301
a-445,b-302
a-446,b-303
a-447,b-304
a-449,b-305
a-450,b-306
a-451,b-307
a-453,b-308
a-455,b-309
a-459,b-310
a-460,b-311
a-461,b-312
a-462,b-313
a-465,b-314
a-466,b-315
a-467,b-316
a-468,b-317
a-470,b-318
a-475,b-319
a-476,b-320
a-477,b-321
a-478,b-322
a-481,b-323
a-483,b-324
a-486,b-325
a-488,b-326
a-489,b-327
a-490,b-328
a-491,b-329
a-492,b-330
a-493,b-331
a-494,b-332
a-497,b-333
a-499,b-334
a-500,b-335
a-501,b-336
a-502,b-337
a-503,b-338
a-504,b-339
a-509,b-340
a-510,b-341
a-512,b-342
a-513,b-343
a-516,b-344
a-517,b-345
a-518,b-346
a-519,b-347
a-520,b-348
a-521,b-349
a-523,b-350
a-524,b-351
a-525,b-352
a-527,b-353
a-528,b-354
a-529,b-355
a-530,b-356
a-531,b-357
a-533,b-358
a-534,b-359
a-535,b-360
a-536,b-361
a-537,b-362
a-538,b-363
a-540,b-364
a-541,b-365
a-542,b-366
a-544,b-367
a-545,b-368
a-546,b-369
a-549,b-370
a-550,b-371
a-554,b-372
a-555,b-373
a-556,b-374
a-557,b-375
a-558,b-376
a-559,b-377
a-560,b-378
a-562,b-379
a-563,b-380
a-565,b-381
a-566,b-382
a-567,b-383
a-568,b-384
a-569,b-385
a-570,b-386
a-571,b-387
a-572,b-388
a-573,b-389
a-574,b-390
a-578,b-391
a-579,b-392
a-580,b-393
a-581,b-394
a-582,b-395
a-583,b-396
a-585,b-397
a-587,b-398
a-588,b-399
a-589,b-400
a-591,b-401
a-592,b-402
a-593,b-403
a-594,b-404
a-595,b-405
a-596,b-406
a-597,b-407
a-598,b-408
a-599,b-409
a-600,b-410
a-601,b-411
a-603,b-412
a-604,b-413
a-605,b-414
a-607,b-415
a-608,b-416
a-609,b-417
a-610,b-418
a-611,b-419
a-613,b-420
a-615,b-421
a-617,b-422
a-619,b-423
a-621,b-424
a-622,b-425
a-623,b-426
a-625,b-427
a-626,b-428
a-627,b-429
a-628,b-430
a-629,b-431
a-630,b-432
a-631,b-433
a-632,b-434
a-633,b-435
a-634,b-436
a-635,b-437
a-637,b-438
a-640,b-439
a-641,b-440
a-642,b-441
a-644,b-442
a-645,b-443
a-647,b-444
a-648,b-445
a-652,b-446
a-653,b-447
a-654,b-448
a-656,b-449
a-657,b-450
a-658,b-451
a-659,b-452
a-660,b-453
a-661,b-454
a-662,b-455
a-665,b-456
a-667,b-457
a-669,b-458
a-670,b-459
a-672,b-460
a-673,b-461
a-674,b-462
a-675,b-463
a-676,b-464
a-678,b-465
a-679,b-466
a-680,b-467
a-681,b-468
a-682,b-469
a-685,b-470
a-686,b-471
a-687,b-472
a-688,b-473
a-689,b-474
a-691,b-475
a-692,b-476
a-693,b-477
a-696,b-478
a-698,b-479
a-699,b-480
a-702,b-481
a-704,b-482
a-705,b-483
a-706,b-484
a-707,b-485
a-709,b-486
a-710,b-487
a-713,b-488
a-714,b-489
a-715,b-490
a-718,b-491
a-719,b-492
a-725,b-493
a-727,b-494
a-728,b-495
a-729,b-496
a-730,b-497
a-731,b-498
a-734,b-499
a-735,b-500
a-737,b-501
a-738,b-502
a-739,b-503
a-740,b-504
a-742,b-505
a-743,b-506
a-744,b-507
a-747,b-508
a-749,b-509
a-751,b-510
a-752,b-511
a-753,b-512
a-755,b-513
a-756,b-514
a-757,b-515
a-758,b-516
a-759,b-517
a-760,b-518
a-761,b-519
a-764,b-520
a-765,b-521
a-766,b-522
a-767,b-523
a-768,b-524
a-769,b-525
a-770,b-526
a-771,b-527
a-772,b-528
a-773,b-529
a-775,b-530
a-776,b-531
a-777,b-532
a-778,b-533
a-779,b-534
a-781,b-535
a-782,b-536
a-783,b-537
a-784,b-538
a-785,b-539
a-789,b-540
a-790,b-541
a-791,b-542
a-793,b-543
a-795,b-544
a-796,b-545
a-797,b-546
a-798,b-547
a-799,b-548
a-800,b-549
a-801,b-550
a-802,b-551
a-804,b-552
a-807,b-553
a-808,b-554
a-810,b-555
a-811,b-556
a-813,b-557
a-814,b-558
a-817,b-559
a-819,b-560
a-820,b-561
a-821,b-562
a-823,b-563
a-824,b-564
a-825,b-565
a-826,b-566
a-827,b-567
a-828,b-568
a-830,b-569
a-831,b-570
a-832,b-571
a-833,b-572
a-835,b-573
a-836,b-574
a-837,b-575
a-838,b-576
a-840,b-577
a-842,b-578
a-843,b-579
a-844,b-580
a-845,b-581
a-846,b-582
a-847,b-583
a-849,b-584
a-850,b-585
a-851,b-586
a-852,b-587
a-853,b-588
a-854,b-589
a-855,b-590
a-857,b-591
a-858,b-592
a-860,b-593
a-862,b-594
a-863,b-595
a-864,b-596
a-866,b-597
a-867,b-598
a-868,b-599
a-869,b-600
a-870,b-601
a-871,b-602
a-873,b-603
a-874,b-604
a-875,b-605
a-876,b-606
a-877,b-607
a-878,b-608
a-880,b-609
a-881,b-610
a-882,b-611
a-883,b-612
a-885,b-613
a-888,b-614
a-889,b-615
a-890,b-616
a-891,b-617
a-893,b-618
a-895,b-619
a-896,b-620
a-898,b-621
a-899,b-622
a-900,b-623
a-901,b-624
a-902,b-625
a-903,b-626
a-904,b-627
a-905,b-628
a-908,b-629
a-909,b-630
a-910,b-631
a-912,b-632
a-914,b-633
a-916,b-634
a-917,b-635
a-918,b-636
a-919,b-637
a-920,b-638
a-921,b-639
a-922,b-640
a-923,b-641
a-924,b-642
a-928,b-643
a-930,b-644
a-931,b-645
a-933,b-646
a-934,b-647
a-935,b-648
a-936,b-649
a-939,b-650
a-941,b-651
a-943,b-652
a-946,b-653
a-947,b-654
a-948,b-655
a-949,b-656
a-950,b-657
a-951,b-658
a-952,b-659
a-953,b-660
a-954,b-661
a-956,b-662
a-957,b-663
a-959,b-664
a-960,b-665
a-961,b-666
a-967,b-667
a-969,b-668
a-970,b-669
a-971,b-670
a-974,b-671
a-975,b-672
a-978,b-673
a-979,b-674
a-981,b-675
a-983,b-676
a-984,b-677
a-986,b-678
a-987,b-679
a-988,b-680
a-989,b-681
a-990,b-682
a-991,b-683
a-992,b-684
a-994,b-685
a-995,b-686
a-996,b-687
a-997,b-688
a-998,b-689
a-999,b-690
a-1000,b-691
a-1001,b-692
a-1002,b-693
a-1003,b-694
a-1004,b-695
a-1005,b-696
a-1006,b-697
a-1009,b-698
a-1011,b-699
a-1012,b-700
a-1016,b-701
a-1017,b-702
a-1019,b-703
a-1020,b-704
a-1022,b-705
a-1023,b-706
a-1024,b-707
a-1025,b-708
a-1026,b-709
a-1028,b-710
a-1030,b-711
a-1031,b-712
a-1032,b-713
a-1033,b-714
a-1034,b-715
a-1035,b-716
a-1036,b-717
a-1038,b-718
a-1040,b-719
a-1041,b-720
a-1042,b-721
a-1044,b-722
a-1045,b-723
a-1046,b-724
a-1047,b-725
a-1048,b-726
a-1049,b-727
a-1051,b-728
a-1052,b-729
a-1053,b-730
a-1054,b-731
a-1055,b-732
a-1057,b-733
a-1059,b-734
a-1060,b-735
a-1062,b-736
a-1063,b-737
a-1065,b-738
a-1066,b-739
a-1067,b-740
a-1068,b-741
a-1070,b-742
a-1071,b-743
a-1072,b-744
a-1074,b-745
a-1075,b-746
a-1077,b-747
a-1078,b-748
a-1079,b-749
a-1080,b-750
a-1081,b-751
a-1082,b-752
a-1086,b-753
a-1087,b-754
a-1089,b-755
a-1090,b-756
a-1093,b-757
a-1096,b-758
a-1098,b-759
a-1099,b-760
a-1100,b-761
a-1101,b-762
a-1102,b-763
a-1103,b-764
a-1104,b-765
a-1106,b-766
a-1107,b-767
a-1109,b-768
a-1110,b-769
a-1111,b-770
a-1112,b-771
a-1113,b-772
a-1114,b-773
a-1115,b-774
a-1116,b-775
a-1118,b-776
a-1119,b-777
a-1121,b-778
a-1122,b-779
a-1123,b-780
a-1125,b-781
a-1127,b-782
a-1128,b-783
a-1129,b-784
a-1132,b-785
a-1133,b-786
a-1134,b-787
a-1135,b-788
a-1136,b-789
a-1137,b-790
a-1138,b-791
a-1139,b-792
a-1140,b-793
a-1141,b-794
a-1145,b-795
a-1146,b-796
a-1149,b-797
a-1150,b-798
a-1151,b-799
a-1152,b-800
a-1154,b-801
a-1155,b-802
a-1157,b-803
a-1159,b-804
a-1160,b-805
a-1161,b-806
a-1162,b-807
a-1163,b-808
a-1165,b-809
a-1166,b-810
a-1168,b-811
a-1169,b-812
a-1170,b-813
a-1171,b-814
a-1173,b-815
a-1176,b-816
a-1179,b-817
a-1180,b-818
a-1181,b-819
a-1182,b-820
a-1183,b-821
a-1184,b-822
a-1186,b-823
a-1187,b-824
a-1188,b-825
a-1189,b-826
a-1190,b-827
a-1191,b-828
a-1192,b-829
a-1193,b-830
a-1194,b-831
a-1195,b-832
a-1196,b-833
a-1197,b-834
a-1199,b-835
a-1200,b-836
a-1201,b-837
a-1202,b-838
a-1204,b-839
a-1206,b-840
a-1207,b-841
a-1208,b-842
a-1211,b-843
a-1214,b-844
a-1216,b-845
a-1217,b-846
a-1218,b-847
a-1221,b-848
a-1223,b-849
a-1224,b-850
a-1226,b-851
a-1229,b-852
a-1230,b-853
a-1232,b-854
a-1233,b-855
a-1234,b-856
a-1235,b-857
a-1236,b-858
a-1237,b-859
a-1239,b-860
a-1242,b-861
a-1244,b-862
a-1245,b-863
a-1247,b-864
a-1248,b-865
a-1249,b-866
a-1253,b-867
a-1256,b-868
a-1259,b-869
a-1260,b-870
a-1261,b-871
a-1264,b-872
a-1265,b-873
a-1267,b-874
a-1268,b-875
a-1274,b-876
a-1275,b-877
a-1277,b-878
a-1278,b-879
a-1280,b-880
a-1281,b-881
a-1282,b-882
a-1283,b-883
a-1284,b-884
a-1285,b-885
a-1286,b-886
a-1288,b-887
a-1290,b-888
a-1291,b-889
a-1292,b-890
a-1293,b-891
a-1294,b-892
a-1295,b-893
a-1296,b-894
a-1298,b-895
a-1299,b-896
a-1300,b-897
a-1302,b-898
a-1303,b-899
a-1304,b-900
a-1308,b-901
a-1309,b-902
a-1311,b-903
a-1313,b-904
a-1315,b-905
a-1316,b-906
a-1318,b-907
a-1319,b-908
a-1320,b-909
a-1321,b-910
a-1322,b-911
a-1323,b-912
a-1324,b-913
a-1325,b-914
a-1328,b-915
a-1329,b-916
a-1330,b-917
a-1331,b-918
a-1332,b-919
a-1333,b-920
a-1336,b-921
a-1338,b-922
a-1339,b-923
a-1340,b-924
a-1341,b-925
a-1343,b-926
a-1345,b-927
a-1346,b-928
a-1347,b-929
a-1348,b-930
a-1349,b-931
a-1350,b-932
a-1351,b-933
a-1352,b-934
a-1353,b-935
a-1354,b-936
a-1355,b-937
a-1358,b-938
a-1359,b-939
a-1360,b-940
a-1363,b-941
a-1364,b-942
a-1365,b-943
a-1366,b-944
a-1367,b-945
a-1368,b-946
a-1369,b-947
a-1372,b-948
a-1373,b-949
a-1374,b-950
a-1375,b-951
a-1376,b-952
a-1378,b-953
a-1379,b-954
a-1380,b-955
a-1381,b-956
a-1382,b-957
a-1383,b-958
a-1385,b-959
a-1387,b-960
a-1389,b-961
a-1390,b-962
a-1391,b-963
a-1392,b-964
a-1393,b-965
a-1395,b-966
a-1396,b-967
a-1398,b-968
a-1399,b-969
a-1401,b-970
a-1402,b-971
a-1403,b-972
a-1404,b-973
a-1405,b-974
a-1406,b-975
a-1407,b-976
a-1408,b-977
a-1409,b-978
a-1410,b-979
a-1411,b-980
a-1412,b-981
a-1413,b-982
a-1414,b-983
a-1416,b-984
a-1417,b-985
a-1418,b-986
a-1419,b-987
a-1420,b-988
a-1422,b-989
a-1429,b-990
a-1430,b-991
a-1431,b-992
a-1434,b-993
a-1436,b-994
a-1437,b-995
a-1438,b-996
a-1440,b-997
a-1441,b-998
a-1442,b-999
a-1444,b-1000
a-1445,b-1001
a-1446,b-1002
a-1447,b-1003
a-1448,b-1004
a-1449,b-1005
a-1451,b-1006
a-1452,b-1007
a-1453,b-1008
a-1454,b-1009
a-1455,b-1010
a-1457,b-1011
a-1460,b-1012
a-1461,b-1013
a-1463,b-1014
a-1464,b-1015
a-1465,b-1016
a-1466,b-1017
a-1467,b-1018
a-1468,b-1019
a-1469,b-1020
a-1471,b-1021
a-1472,b-1022
a-1473,b-1023
a-1474,b-1024
a-1475,b-1025
a-1477,b-1026
a-1479,b-1027
a-1482,b-1028
a-1483,b-1029
a-1485,b-1030
a-1486,b-1031
a-1488,b-1032
a-1489,b-1033
a-1493,b-1034
a-1494,b-1035
a-1495,b-1036
a-1496,b-1037
a-1497,b-1038
a-1499,b-1039
a-1500,b-1040
a-1501,b-1041
a-1502,b-1042
a-1503,b-1043
a-1504,b-1044
a-1505,b-1045
a-1506,b-1046
a-1507,b-1047
a-1509,b-1048
a-1510,b-1049
a-1512,b-1050
a-1514,b-1051
a-1515,b-1052
a-1516,b-1053
a-1517,b-1054
a-1519,b-1055
a-1520,b-1056
a-1521,b-1057
a-1523,b-1058
a-1524,b-1059
a-1526,b-1060
a-1527,b-1061
a-1528,b-1062
a-1529,b-1063
a-1530,b-1064
a-1531,b-1065
a-1532,b-1066
a-1533,b-1067
a-1535,b-1068
a-1537,b-1069
a-1538,b-1070
a-1539,b-1071
a-1540,b-1072
a-1541,b-1073
a-1542,b-1074
a-1543,b-1075
a-1544,b-1076
a-1545,b-1077
a-1546,b-1078
a-1547,b-1079
a-1548,b-1080
a-1551,b-1081
a-1552,b-1082
a-1553,b-1083
a-1556,b-1084
a-1557,b-1085
a-1558,b-1086
a-1560,b-1087
a-1561,b-1088
a-1562,b-1089
a-1563,b-1090
a-1565,b-1091
a-1567,b-1092
a-1568,b-1093
a-1569,b-1094
a-1570,b-1095
a-1571,b-1096
a-1572,b-1097
a-1574,b-1098
a-1575,b-1099
a-1576,b-1100
a-1577,b-1101
a-1578,b-1102
a-1579,b-1103
a-1581,b-1104
a-1582,b-1105
a-1583,b-1106
a-1585,b-1107
a-1587,b-1108
a-1588,b-1109
a-1589,b-1110
a-1590,b-1111
a-1591,b-1112
a-1592,b-1113
a-1593,b-1114
a-1594,b-1115
a-1595,b-1116
a-1596,b-1117
a-1597,b-1118
a-1598,b-1119
a-1599,b-1120
a-1600,b-1121
a-1601,b-1122
a-1604,b-1123
a-1605,b-1124
a-1606,b-1125
a-1608,b-1126
a-1610,b-1127
a-1612,b-1128
a-1613,b-1129
a-1614,b-1130
a-1615,b-1131
a-1616,b-1132
a-1617,b-1133
a-1618,b-1134
a-1621,b-1135
a-1623,b-1136
a-1626,b-1137
a-1629,b-1138
a-1630,b-1139
a-1631,b-1140
a-1633,b-1141
a-1634,b-1142
a-1635,b-1143
a-1636,b-1144
a-1637,b-1145
a-1638,b-1146
a-1639,b-1147
a-1640,b-1148
a-1643,b-1149
a-1644,b-1150
a-1645,b-1151
a-1647,b-1152
a-1648,b-1153
a-1649,b-1154
a-1650,b-1155
a-1651,b-1156
a-1654,b-1157
a-1657,b-1158
a-1658,b-1159
a-1659,b-1160
a-1661,b-1161
a-1662,b-1162
a-1665,b-1163
a-1666,b-1164
a-1667,b-1165
a-1669,b-1166
a-1671,b-1167
a-1672,b-1168
a-1673,b-1169
a-1674,b-1170
a-1675,b-1171
a-1676,b-1172
a-1677,b-1173
a-1679,b-1174
a-1680,b-1175
a-1683,b-1176
a-1686,b-1177
a-1687,b-1178
a-1688,b-1179
a-1689,b-1180
a-1690,b-1181
a-1692,b-1182
a-1693,b-1183
a-1695,b-1184
a-1696,b-1185
a-1697,b-1186
a-1698,b-1187
a-1699,b-1188
a-1700,b-1189
a-1701,b-1190
a-1705,b-1191
a-1706,b-1192
a-1707,b-1193
a-1710,b-1194
a-1711,b-1195
a-1712,b-1196
a-1713,b-1197
a-1714,b-1198
a-1715,b-1199
a-1717,b-1200
a-1718,b-1201
a-1719,b-1202
a-1720,b-1203
a-1722,b-1204
a-1723,b-1205
a-1725,b-1206
a-1726,b-1207
a-1727,b-1208
a-1728,b-1209
a-1729,b-1210
a-1730,b-1211
a-1732,b-1212
a-1733,b-1213
a-1734,b-1214
a-1735,b-1215
a-1736,b-1216
a-1737,b-1217
a-1739,b-1218
a-1742,b-1219
a-1743,b-1220
a-1744,b-1221
a-1745,b-1222
a-1748,b-1223
a-1750,b-1224
a-1751,b-1225
a-1752,b-1226
a-1754,b-1227
a-1755,b-1228
a-1757,b-1229
a-1758,b-1230
a-1759,b-1231
a-1760,b-1232
a-1761,b-1233
a-1763,b-1234
a-1764,b-1235
a-1765,b-1236
a-1766,b-1237
a-1767,b-1238
a-1768,b-1239
a-1769,b-1240
a-1770,b-1241
a-1771,b-1242
a-1772,b-1243
a-1773,b-1244
a-1775,b-1245
a-1777,b-1246
a-1778,b-1247
a-1779,b-1248
a-1780,b-1249
a-1781,b-1250
a-1782,b-1251
a-1783,b-1252
a-1784,b-1253
a-1785,b-1254
a-1786,b-1255
a-1788,b-1256
a-1789,b-1257
a-1790,b-1258
a-1792,b-1259
a-1794,b-1260
a-1795,b-1261
a-1799,b-1262
a-1800,b-1263
a-1802,b-1264
a-1803,b-1265
a-1804,b-1266
a-1805,b-1267
a-1807,b-1268
a-1809,b-1269
a-1811,b-1270
a-1815,b-1271
a-1817,b-1272
a-1819,b-1273
a-1821,b-1274
a-1822,b-1275
a-1823,b-1276
a-1824,b-1277
a-1826,b-1278
a-1827,b-1279
a-1828,b-1280
a-1830,b-1281
a-1831,b-1282
a-1832,b-1283
a-1836,b-1284
a-1838,b-1285
a-1839,b-1286
a-1840,b-1287
a-1841,b-1288
a-1842,b-1289
a-1843,b-1290
a-1845,b-1291
a-1848,b-1292
a-1849,b-1293
a-1850,b-1294
a-1851,b-1295
a-1852,b-1296
a-1854,b-1297
a-1855,b-1298
a-1857,b-1299
a-1859,b-1300
a-1861,b-1301
a-1864,b-1302
a-1865,b-1303
a-1866,b-1304
a-1869,b-1305
a-1870,b-1306
a-1871,b-1307
a-1872,b-1308
a-1874,b-1309
a-1875,b-1310
a-1877,b-1311
a-1878,b-1312
a-1879,b-1313
a-1880,b-1314
a-1881,b-1315
a-1884,b-1316
a-1885,b-1317
a-1888,b-1318
a-1890,b-1319
a-1893,b-1320
a-1894,b-1321
a-1895,b-1322
a-1896,b-1323
a-1898,b-1324
a-1899,b-1325
a-1901,b-1326
a-1903,b-1327
a-1904,b-1328
a-1905,b-1329
a-1906,b-1330
a-1907,b-1331
a-1908,b-1332
a-1909,b-1333
a-1910,b-1334
a-1911,b-1335
a-1914,b-1336
a-1915,b-1337
a-1916,b-1338
a-1917,b-1339
a-1919,b-1340
a-1920,b-1341
a-1922,b-1342
a-1923,b-1343
a-1924,b-1344
a-1925,b-1345
a-1926,b-1346
a-1928,b-1347
a-1929,b-1348
a-1934,b-1349
a-1935,b-1350
a-1936,b-1351
a-1937,b-1352
a-1938,b-1353
a-1939,b-1354
a-1940,b-1355
a-1941,b-1356
a-1943,b-1357
a-1944,b-1358
a-1945,b-1359
a-1946,b-1360
a-1947,b-1361
a-1949,b-1362
a-1950,b-1363
a-1951,b-1364
a-1953,b-1365
a-1954,b-1366
a-1957,b-1367
a-1959,b-1368
a-1960,b-1369
a-1961,b-1370
a-1962,b-1371
a-1963,b-1372
a-1964,b-1373
a-1968,b-1374
a-1970,b-1375
a-1971,b-1376
a-1972,b-1377
a-1973,b-1378
a-1974,b-1379
a-1975,b-1380
a-1976,b-1381
a-1977,b-1382
a-1978,b-1383
a-1979,b-1384
a-1980,b-1385
a-1981,b-1386
a-1982,b-1387
a-1983,b-1388
a-1984,b-1389
a-1986,b-1390
a-1987,b-1391
a-1988,b-1392
a-1989,b-1393
a-1991,b-1394
a-1992,b-1395
a-1993,b-1396
a-1994,b-1397
a-1996,b-1398
a-1997,b-1399
